INSERT INTO UserGroup(UserGroupID, Code, Description) VALUES (1, 'ADMIN', 'Administrator');
INSERT INTO UserGroup(UserGroupID, Code, Description) VALUES (2, 'NORMAL_USER', 'Normal User');

INSERT INTO Users(UserID, UserName, Password, Email, Status, DepartmentID, SubDepartmentID, DisplayName, UserGroupID, IsLDAP) VALUES(1, 'admin', 'GSBObb9no5U=', 'admin@vms.com', 1, null, null, 'System Admin', 1, 0);

INSERT INTO PermissionGroup(PermissionGroupID, Code, Description) VALUES (1, 'MANAGE_USER', 'Quản lý User');
INSERT INTO PermissionGroup(PermissionGroupID, Code, Description) VALUES (2, 'MANAGE_TEAM', 'Quản lý Đội');
INSERT INTO PermissionGroup(PermissionGroupID, Code, Description) VALUES (3, 'MANAGE_PACKAGE_TYPE', 'Quản lý gói cước');
INSERT INTO PermissionGroup(PermissionGroupID, Code, Description) VALUES (4, 'MANAGE_PACKAGE_GROUP', 'Quản lý nhóm gói cước');
INSERT INTO PermissionGroup(PermissionGroupID, Code, Description) VALUES (5, 'MANAGE_ROLE', 'Quản lý Role');
INSERT INTO PermissionGroup(PermissionGroupID, Code, Description) VALUES (6, 'MANAGE_REPORT_101', 'Quản lý Report Tổng hợp TB PTM DATA Theo Tháng Năm');
INSERT INTO PermissionGroup(PermissionGroupID, Code, Description) VALUES (7, 'MANAGE_REPORT_102', 'Quản lý Report Tổng hợp TB PTM DATA Theo Ngày');
INSERT INTO PermissionGroup(PermissionGroupID, Code, Description) VALUES (8, 'MANAGE_REPORT_103', 'Quản lý Report Tổng hợp TB PTM DATA Theo Tháng - Gói Cước TB PTM');
INSERT INTO PermissionGroup(PermissionGroupID, Code, Description) VALUES (9, 'MANAGE_REPORT_104', 'Quản lý Report Tổng hợp TB PTM DATA Theo Tháng - Theo Kênh');
INSERT INTO PermissionGroup(PermissionGroupID, Code, Description) VALUES (10, 'MANAGE_REPORT_105', 'Quản lý Report Tổng hợp TB PTM DATA Theo Tháng - AM/KAM');
INSERT INTO PermissionGroup(PermissionGroupID, Code, Description) VALUES (11, 'MANAGE_REPORT_106', 'Quản lý Report Tổng hợp TB PTM DATA Theo Tháng - Doanh Nghiệp');
INSERT INTO PermissionGroup(PermissionGroupID, Code, Description) VALUES (12, 'MANAGE_REPORT_107', 'Quản lý Report Chi tiết TB PTM DATA/Giảm Theo Ngày');
INSERT INTO PermissionGroup(PermissionGroupID, Code, Description) VALUES (13, 'MANAGE_REPORT_108', 'Quản lý Report Doanh Thu - Theo Ngày');
INSERT INTO PermissionGroup(PermissionGroupID, Code, Description) VALUES (14, 'MANAGE_REPORT_109', 'Quản lý Report Thống Kê Tổng Hợp Gói Cước - Dịch Vụ - Theo Tháng');
INSERT INTO PermissionGroup(PermissionGroupID, Code, Description) VALUES (15, 'MANAGE_USERGROUP', 'Quản lý UserGroup');
INSERT INTO PermissionGroup(PermissionGroupID, Code, Description) VALUES (16, 'MANAGE_DEPARTMENT', 'Quản lý Đơn Vị / Phòng Ban');

INSERT INTO Permission(PermissionID, Code, Name, PermissionGroupID) VALUES (1, 'MANAGE_USER_FULL', 'Quản lý User', 1);
INSERT INTO Permission(PermissionID, Code, Name, PermissionGroupID) VALUES (2, 'MANAGE_USER_ADD', 'Thêm User', 1);
INSERT INTO Permission(PermissionID, Code, Name, PermissionGroupID) VALUES (3, 'MANAGE_USER_EDIT', 'Cập nhật User', 1);
INSERT INTO Permission(PermissionID, Code, Name, PermissionGroupID) VALUES (4, 'MANAGE_USER_VIEW', 'Tìm kiếm User', 1);
INSERT INTO Permission(PermissionID, Code, Name, PermissionGroupID) VALUES (5, 'MANAGE_USER_DELETE', 'Xoá User', 1);
INSERT INTO Permission(PermissionID, Code, Name, PermissionGroupID) VALUES (6, 'MANAGE_USER_PERMISSION', 'Phân quyền User', 1);
INSERT INTO Permission(PermissionID, code, name, PermissionGroupID) VALUES (7, 'MANAGE_ROLE_FULL', 'Quản lý Role', 5);
INSERT INTO Permission(PermissionID, code, name, PermissionGroupID) VALUES (8, 'MANAGE_ROLE_ADD', 'Thêm Role', 5);
INSERT INTO Permission(PermissionID, code, name, PermissionGroupID) VALUES (9, 'MANAGE_ROLE_EDIT', 'Cập nhật Role', 5);
INSERT INTO Permission(PermissionID, code, name, PermissionGroupID) VALUES (10, 'MANAGER_ROLE_VIEW', 'Tìm kiếm Role', 5);
INSERT INTO Permission(PermissionID, code, name, PermissionGroupID) VALUES (11, 'MANAGE_ROLE_DELETE', 'Xoá Role', 5);
INSERT INTO Permission(PermissionID, code, name, PermissionGroupID) VALUES (12, 'MANAGE_ROLE_PERMISSION', 'Xoá Role', 5);
INSERT INTO Permission(PermissionID, Code, Name, PermissionGroupID) VALUES (13, 'MANAGE_TEAM_ADD', 'Thêm Đội', 2);
INSERT INTO Permission(PermissionID, Code, Name, PermissionGroupID) VALUES (14, 'MANAGE_TEAM_EDIT', 'Cập nhật thông tin Đội', 2);
INSERT INTO Permission(PermissionID, Code, Name, PermissionGroupID) VALUES (15, 'MANAGE_TEAM_VIEW', 'Xem danh sách Đội', 2);
INSERT INTO Permission(PermissionID, Code, Name, PermissionGroupID) VALUES (16, 'MANAGE_TEAM_DELETE', 'Xoá Đội', 2);
INSERT INTO Permission(PermissionID, Code, Name, PermissionGroupID) VALUES (17, 'MANAGE_TEAM_FULL', 'Quản lý Đội', 2);
INSERT INTO Permission(PermissionID, Code, Name, PermissionGroupID) VALUES (18, 'MANAGE_TEAM_DISTRICT', 'Quản lý Quận/Huyện', 2);
INSERT INTO Permission(PermissionID, Code, Name, PermissionGroupID) VALUES (19, 'MANAGE_TEAM_EMPCODE', 'Xem danh sách NV', 2);
INSERT INTO Permission(PermissionID, code, name, PermissionGroupID) VALUES (20, 'MANAGE_PACKAGE_FULL', 'Quản lý package', 3);
INSERT INTO Permission(PermissionID, code, name, PermissionGroupID) VALUES (21, 'MANAGE_PACKAGE_ADD', 'Thêm package', 3);
INSERT INTO Permission(PermissionID, code, name, PermissionGroupID) VALUES (22, 'MANAGE_PACKAGE_EDIT', 'Cập nhật package', 3);
INSERT INTO Permission(PermissionID, code, name, PermissionGroupID) VALUES (23, 'MANAGER_PACKAGE_VIEW', 'Tìm kiếm package', 3);
INSERT INTO Permission(PermissionID, code, name, PermissionGroupID) VALUES (24, 'MANAGE_PACKAGE_DELETE', 'Xoá package', 3);
INSERT INTO Permission(PermissionID, code, name, PermissionGroupID) VALUES (25, 'MANAGE_PACKAGE_PACKAGEGROUP', 'Phân quyền package', 3);
INSERT INTO Permission(PermissionID, code, name, PermissionGroupID) VALUES (26, 'MANAGE_REPORT_101_FULL', 'Full quyền report Tổng hợp TB PTM DATA Theo Tháng Năm', 6);
INSERT INTO Permission(PermissionID, code, name, PermissionGroupID) VALUES (27, 'MANAGE_REPORT_101_VIEW', 'Xem report Tổng hợp TB PTM DATA Theo Tháng Năm', 6);
INSERT INTO Permission(PermissionID, code, name, PermissionGroupID) VALUES (28, 'MANAGE_REPORT_101_EXPORT', 'Export report Tổng hợp TB PTM DATA Theo Tháng Năm', 6);
INSERT INTO Permission(PermissionID, code, name, PermissionGroupID) VALUES (29, 'MANAGE_REPORT_102_FULL', 'Full quyền report Tổng hợp TB PTM DATA Theo Ngày', 7);
INSERT INTO Permission(PermissionID, code, name, PermissionGroupID) VALUES (30, 'MANAGE_REPORT_102_VIEW', 'Xem report Tổng hợp TB PTM DATA Theo Ngày', 7);
INSERT INTO Permission(PermissionID, code, name, PermissionGroupID) VALUES (31, 'MANAGE_REPORT_102_EXPORT', 'Export report Tổng hợp TB PTM DATA Theo Ngày', 7);
INSERT INTO Permission(PermissionID, code, name, PermissionGroupID) VALUES (32, 'MANAGE_REPORT_103_FULL', 'Full quyền report Tổng hợp TB PTM DATA Theo Tháng Gói Cước TB PTM', 8);
INSERT INTO Permission(PermissionID, code, name, PermissionGroupID) VALUES (33, 'MANAGE_REPORT_103_VIEW', 'Xem report Tổng hợp TB PTM DATA Theo Tháng Gói Cước TB PTM', 8);
INSERT INTO Permission(PermissionID, code, name, PermissionGroupID) VALUES (34, 'MANAGE_REPORT_103_EXPORT', 'Export report Tổng hợp TB PTM DATA Theo Tháng Gói Cước TB PTM', 8);
INSERT INTO Permission(PermissionID, code, name, PermissionGroupID) VALUES (35, 'MANAGE_REPORT_104_FULL', 'Full quyền report Tổng hợp TB PTM DATA Theo Tháng - Theo Kênh', 9);
INSERT INTO Permission(PermissionID, code, name, PermissionGroupID) VALUES (36, 'MANAGE_REPORT_104_VIEW', 'Xem report Tổng hợp TB PTM DATA Theo Tháng - Theo Kênh', 9);
INSERT INTO Permission(PermissionID, code, name, PermissionGroupID) VALUES (37, 'MANAGE_REPORT_104_EXPORT', 'Export report Tổng hợp TB PTM DATA Theo Tháng - Theo Kênh', 9);
INSERT INTO Permission(PermissionID, code, name, PermissionGroupID) VALUES (38, 'MANAGE_REPORT_105_FULL', 'Full quyền report Tổng hợp TB PTM DATA Theo Tháng - AM/KAM', 10);
INSERT INTO Permission(PermissionID, code, name, PermissionGroupID) VALUES (39, 'MANAGE_REPORT_105_VIEW', 'Xem report Tổng hợp TB PTM DATA Theo Tháng - AM/KAM', 10);
INSERT INTO Permission(PermissionID, code, name, PermissionGroupID) VALUES (40, 'MANAGE_REPORT_105_EXPORT', 'Export report Tổng hợp TB PTM DATA Theo Tháng - AM/KAM', 10);
INSERT INTO Permission(PermissionID, code, name, PermissionGroupID) VALUES (41, 'MANAGE_REPORT_106_FULL', 'Full quyền report Tổng hợp TB PTM DATA Theo Tháng - Doanh Nghiệp', 11);
INSERT INTO Permission(PermissionID, code, name, PermissionGroupID) VALUES (42, 'MANAGE_REPORT_106_VIEW', 'Xem report Tổng hợp TB PTM DATA Theo Tháng - Doanh Nghiệp', 11);
INSERT INTO Permission(PermissionID, code, name, PermissionGroupID) VALUES (43, 'MANAGE_REPORT_106_EXPORT', 'Export report Tổng hợp TB PTM DATA Theo Tháng - Doanh Nghiệp', 11);
INSERT INTO Permission(PermissionID, code, name, PermissionGroupID) VALUES (44, 'MANAGE_REPORT_107_FULL', 'Full quyền report Chi tiết TB PTM DATA/Giảm Theo Ngày', 12);
INSERT INTO Permission(PermissionID, code, name, PermissionGroupID) VALUES (45, 'MANAGE_REPORT_107_VIEW', 'Xem report Chi tiết TB PTM DATA/Giảm Theo Ngày', 12);
INSERT INTO Permission(PermissionID, code, name, PermissionGroupID) VALUES (46, 'MANAGE_REPORT_107_EXPORT', 'Export report Chi tiết TB PTM DATA/Giảm Theo Ngày', 12);
INSERT INTO Permission(PermissionID, code, name, PermissionGroupID) VALUES (47, 'MANAGE_REPORT_108_FULL', 'Full quyền report Doanh Thu - Theo Ngày', 13);
INSERT INTO Permission(PermissionID, code, name, PermissionGroupID) VALUES (48, 'MANAGE_REPORT_108_VIEW', 'Xem report Doanh Thu - Theo Ngày', 13);
INSERT INTO Permission(PermissionID, code, name, PermissionGroupID) VALUES (49, 'MANAGE_REPORT_108_EXPORT', 'Export report Doanh Thu - Theo Ngày', 13);
INSERT INTO Permission(PermissionID, code, name, PermissionGroupID) VALUES (50, 'MANAGE_REPORT_109_FULL', 'Full quyền report Thống Kê Tổng Hợp Gói Cước - Dịch Vụ - Theo Tháng', 14);
INSERT INTO Permission(PermissionID, code, name, PermissionGroupID) VALUES (51, 'MANAGE_REPORT_109_VIEW', 'Xem report Thống Kê Tổng Hợp Gói Cước - Dịch Vụ - Theo Tháng', 14);
INSERT INTO Permission(PermissionID, code, name, PermissionGroupID) VALUES (52, 'MANAGE_REPORT_109_EXPORT', 'Export report Thống Kê Tổng Hợp Gói Cước - Dịch Vụ - Theo Tháng', 14);
INSERT INTO Permission(PermissionID, Code, Name, PermissionGroupID) VALUES (53, 'MANAGE_USERGROUP_FULL', 'Quản lý UserGroup', 15);
INSERT INTO Permission(PermissionID, Code, Name, PermissionGroupID) VALUES (54, 'MANAGE_USERGROUP_ADD', 'Thêm UserGroup', 15);
INSERT INTO Permission(PermissionID, Code, Name, PermissionGroupID) VALUES (55, 'MANAGE_USERGROUP_EDIT', 'Cập nhật UserGroup', 15);
INSERT INTO Permission(PermissionID, Code, Name, PermissionGroupID) VALUES (56, 'MANAGE_USERGROUP_VIEW', 'Tìm kiếm UserGroup', 15);
INSERT INTO Permission(PermissionID, Code, Name, PermissionGroupID) VALUES (57, 'MANAGE_USERGROUP_PERMISSION', 'Phân quyền UserGroup', 15);
INSERT INTO Permission(PermissionID, Code, Name, PermissionGroupID) VALUES (58, 'MANAGE_DEPARTMENT_FULL', 'Quản lý đơn vị / Phòng Ban', 16);
INSERT INTO Permission(PermissionID, Code, Name, PermissionGroupID) VALUES (59, 'MANAGE_DEPARTMENT_ADD', 'Thêm Đơn Vị / Phòng Ban', 16);
INSERT INTO Permission(PermissionID, Code, Name, PermissionGroupID) VALUES (60, 'MANAGE_DEPARTMENT_EDIT', 'Cập nhật Đơn Vị / Phòng Ban', 16);
INSERT INTO Permission(PermissionID, Code, Name, PermissionGroupID) VALUES (61, 'MANAGE_DEPARTMENT_VIEW', 'Xem Đơn Vị / Phòng Ban', 16);
INSERT INTO Permission(PermissionID, Code, Name, PermissionGroupID) VALUES (62, 'MANAGE_DEPARTMENT_DELETE', 'Xoá Đơn Vị / Phòng Ban', 16);
COMMIT;